<?xml version="1.0" encoding="UTF-8"?>
<project-private xmlns="http://www.netbeans.org/ns/project-private/1">
    <editor-bookmarks xmlns="http://www.netbeans.org/ns/editor-bookmarks/2" lastBookmarkId="0"/>
    <open-files xmlns="http://www.netbeans.org/ns/projectui-open-files/2">
        <group>
            <file>file:/C:/Users/danisousa/Desktop/Projeto-1-POO-master/web/amortizacao-constante.jsp</file>
            <file>file:/C:/Users/danisousa/Desktop/Projeto-1-POO-master/web/amortizacao-americana.jsp</file>
            <file>file:/C:/Users/danisousa/Desktop/Projeto-1-POO-master/web/tabela-price.jsp</file>
            <file>file:/C:/Users/danisousa/Desktop/Projeto-1-POO-master/web/index.jsp</file>
        </group>
    </open-files>
</project-private>
